заключение 	барклиз
открытие 	грабежи
израиль 	логичный
меньшинство 	шапошниковское
поражение 	симптоматическое
задержка 	пацан
процент 	сортировку
инвалидность 	опровержение
век 	насмешливая
кошачьи 	насмешливая
дивиденд 	предупреждать
доллар 	вкусная
правительство 	всплывавшую
алюминий 	византист
компьютер 	кукареканьем
фбр 	расчестное
вызов 	наливаемая
чашка 	седоволосый
теннис 	убыток
наркотик 	терпение
группа 	прорицает
компания 	духовенство
фрейд 	вещичка
расчет 	шестнадцать
потеря 	шестнадцать
иерусалим 	стенокардию
лесопарк 	гайосо
депрессия 	рассчитываемый
сходство 	полупобедой
виртуоз 	бурвиста
команда 	лордишка
протон 	антропология
музей 	дурку
критерий 	убеждение
напиток 	остров
крепостной 	затопление
ребенок 	эпоха
животное 	эпоха
подписать 	здравие
мексика 	скота
новость 	покер
бакс 	покер
больница 	среднемесячный
лес 	танкрей
признание 	вахтанговский
химия 	порножурнал
йель 	полуостров
здоровье 	дирижабль
мудрец 	шатонней
глаз 	накануне
год 	неодинозавровая
галактика 	неподсчитанное
перерыв 	субсидиарный
плита 	покарана
психиатрия 	змиедержец
центр 	поппон
улика 	кусковский
бумага 	вералы
страна 	договор
поверхность 	речака
деньги 	доминиканец
путешествие 	пингвиненок
йена 	филерское
изображение 	осинник
фрукт 	любовница
индекс 	ненависть
заработок 	цугазайского
погода 	обесцененная
чемпионат 	хоронить
выставка 	малоразмерный
срок 	искренность
турнир 	заметку
интернет 	полуверсты
люди 	обьект
созвездие 	обьект
гражданин 	медалька
король 	кинопроизводство
дисциплина 	домодедово
брат 	приумножить
возможность 	выставочный
автомобиль 	ботанический
попкорн 	аронхон
пища 	прогнозироваться
автограф 	запотевающее
владение 	агропромбанке
страх 	правообладатель
имущество 	отмывка
аппаратура 	неотступающая
перечисление 	уникальную
приготовление 	зверинец
футбол 	баллале
изменение 	неоплодотворенное
поездка 	гемодификация
оракул 	пиететное
запись 	секрет
известность 	евроспорту
роскошь 	физиология
проблема 	свинг
кожа 	обасанджо
солнце 	околосмертный
выплата 	составляющая
секс 	кадыкастому
гипертония 	гадатель
сезон 	забортная
масло 	сенсационный
ответственность 	футболисты
прибытие 	табельное
серия 	мускульное
отрасль 	профшкола
улыбка 	лазаретгассе
мобильный 	авторизованная
курган 	кряква
водка 	орлянка
инсульт 	индоссировать
аэропорт 	лето
школа 	бракосочетание
пять 	рыночный
брак 	кредитование
книга 	злоупотреблять
предупреждение 	оппозиционная
мать 	бег
марафон 	пятнадцать
машина 	интерлиньяж
валюта 	схватку
артефакт 	обскурантизм
прогноз 	детальное
жертва 	брошечку
кладбище 	халим
подпись 	растение
день 	развертывание
победа 	развертывание
допуск 	развертывание
передвижение 	соответствие
население 	европеец
жизнь 	продолжало
развитие 	неотчуждаемый
нефть 	мзда
страхование 	марсетти
сто 	мальбруг
журавль 	филенка
юрист 	ойкумена
приспособление 	нейробиология
причина 	нейробиология
бейсбол 	малыш
вещество 	утрата
еда 	завиднелся
урок 	огурец
проект 	вбз
равенство 	двуногий
радио 	вывод
восстановление 	вывод
инвестор 	флирт
самолет 	взойти
фауна 	женевьевская
сообщение 	атом
морепродукт 	биофизик
вывод 	линолеум
мальчик 	фонограмма
сбор 	светлеть
награда 	кархайдская
наблюдение 	объединяющая
категория 	цукини
приют 	цукини
хищник 	новокировский
планета 	ишемический
лето 	ишемический
девушка 	радиовызов
веревка 	безвременна
доска 	нефтяной
джаз 	рассредоточенность
одежда 	дисфорическое
критик 	эйнштейна
погост 	португалия
организм 	загипсованное
губернатор 	садата
млекопитающее 	бренди
заключенный 	нацкомпартии
побережье 	шепотом
сми 	кубок
умник 	клюшка
женщина 	сперминт
рок 	мотель
оружие 	смерь
маг 	эскадрилья
дурдом 	доиндоевропейское
реликвия 	элбит
вычисление 	контрнаступательная
инфраструктура 	квашенная
телефон 	избирательное
атмосфера 	доктор
партия 	осознание
камень 	осознание
близость 	королевы
сознание 	нагнетенная
наводнение 	инфрастуктура
журнал 	крещеною
дети 	плитняк
кредит 	евреянка
планирование 	рольный
авария 	увеличенное
концерт 	волновавший
развертывание 	зажиточна
тревога 	млрддолл
епископ 	сволочь
проспект 	вэйяну
джексон 	крытие
линия 	выстирана
марс 	фундаментализм
любовник 	фестиваль
шкаф 	настой
поход 	вифлеемская
профессор 	талмуд
стакан 	заключается
луна 	шиповниковое
богатство 	авансировать
отход 	нотя
японец 	фейсбук
отель 	космический
мир 	передвигаться
лаборатория 	регистратура
арафат 	атомэнергетические
размер 	соревнования
убийство 	соревнования
шанс 	хлебец
клиника 	телекорпорации
предубеждение 	коз
музыка 	прецедентный
цель 	зингшпиль
вопрос 	запеченые
ягуар 	стьюдента
драгоценность 	короткометражка
ухо 	пятинедельное
территория 	наволочка
бронирование 	дождь
тигр 	кинокомедия
стекло 	провизия
вещь 	спринтер
злоупотребление 	верблюдоводство
производство 	холм
объявление 	макбрайд
кризис 	правительство
банк 	загорелая
регистрация 	проушине
астроном 	размонтировано
вода 	зацкера
петух 	желанность
дерево 	чураха
отмывание 	экосоциальный
прибор 	склон
матч 	катастрофическая
мыло 	прожект
начало 	прожект
море 	интерьер
прецедент 	молибденовая
кровопролитие 	демографический
ученый 	лафрейг
план 	инвалютные
бразилия 	рабостов
медаль 	окололунной
усмешка 	пополудни
тайна 	тирренское
телевидение 	алкоголь
мужество 	дэвид
королева 	киносеанс
капуста 	вызолачивая
усилие	смерть
хлеб 	траншийский
опек 	выплачивать
опыт 	консультант
каньон 	заключить
снятие 	сиамская
металл 	спаянность
ливень 	ящик
познание 	психопатология
отношение 	женщины
пейзаж 	камедеобразное
бой 	сериал
полдень 	семионский
информация 	спутниковая
блядь 	колдунья
инструмент 	эрец
мораль 	радиотелеграмма
пол 	трирема
психология 	станочек
мужчина 	стэнфордский
слово 	мальчонка
доверие 	восьмиминутный
раб 	гуссерль
доказательство 	сетка
библиотека 	иалеки
берег 	рубль
скот 	вертикальная
потребитель 	стофранковый
выгода 	община
архитектура 	община
валик 	детектор
ладья 	замнаркома
раунд 	отказанное
наличные 	укрепление
отчет 	промоутер
полет 	самогон
ситуация 	полагание
предшественник 	приютить
фонд 	размолвка
парень 	печка
кровать 	шевроле
торговля 	шевроле
доктор 	бельсы
огурец 	кастете
кошка 	обсидианы
новости 	скачкообразное
рекомендация 	полсрока
энергия 	эстетик
студент 	демилитаризованная
ориентир 	фильмотека
зоопарк 	хищник
жидкость 	однокопытное
километр 	китаец
семья 	попалубно
объект 	загранкомандировка
физика 	высвободившаяся
министерство 	кроншнеп
мастер 	сидмортов
ракетка 	султановского
шнур 	антинародное
рождаемость 	друид
американец 	зизиньо
улица 	иевус
гарвард 	рыжеволосая
расположение 	рыжеволосая
экология 	считыватель
число 	нру
терроризм 	взор
сеть 	телефончик
ассоциация 	телефончик
среда 	исследовательский
культура 	прогнозирование
любовь 	моросить
запас 	правосубъектность
рынок 	мосгорпрокуратура
нация 	макрорегион
предмет 	некостистой
петушок 	вытаскивание
деятельность 	бронекорпусом
печь 	затормозила
мини-футбол 	метаболизировать
изоляция 	инвэй
ссора 	интересанту
алкоголь 	бульдог
попытка 	атака
засуха 	бикфордов
приcпособление 	завоевать
картофель 	зарегистрировать
спринт 	распропович
опера 	первопричина
кофе 	блокбастеру
президент 	выпуски
космос 	валиум
холм 	пластина
размещение 	страница
марадона 	распутица
билет 	малоэтажная
лечение 	живописец
раввин 	распадок
право 	истощиться
звезда 	среднестоговская
персонал 	колонизированная
наука 	насекомое
поголовье 	снедавший
театр 	видеопослание
секретарь 	систематизировалась
бренди 	иена
оборудование 	легонье
подушка 	весна
расследование 	деньга
джин 	газпромбанк
омар 	предолгую
волшебник 	торговлишка
монах 	ров
природа 	социосистема
рот 	индем
производитель 	экзамен
игра 	музыкальная
месяц 	этика
кино 	веленевая
расизм 	козетку
история 	нещелочное
фильм 	супердержава
министр 	феррохром
птица 	картирование
яйцо 	кижский
операция 	декаду
глупец 	тарелка
рассвет 	моторостроение
семь 	смиге
